{"accuracy": 0.964221824686941, "precision_weighted": 0.9666759420735439, "recall_weighted": 0.964221824686941, "f1_score_weighted": 0.9638471307584779, "precision_class_0": 1.0, "recall_class_0": 1.0, "f1_score_class_0": 1.0, "precision_class_1": 1.0, "recall_class_1": 0.975, "f1_score_class_1": 0.9873417721518988, "precision_class_2": 0.8181818181818182, "recall_class_2": 0.9, "f1_score_class_2": 0.8571428571428571, "precision_class_3": 0.8571428571428571, "recall_class_3": 0.8333333333333334, "f1_score_class_3": 0.8450704225352113, "precision_class_4": 1.0, "recall_class_4": 0.9777777777777777, "f1_score_class_4": 0.9887640449438202, "precision_class_5": 0.8928571428571429, "recall_class_5": 1.0, "f1_score_class_5": 0.9433962264150944, "precision_class_6": 0.8333333333333334, "recall_class_6": 1.0, "f1_score_class_6": 0.9090909090909091, "precision_class_7": 1.0, "recall_class_7": 1.0, "f1_score_class_7": 1.0, "precision_class_8": 1.0, "recall_class_8": 0.9230769230769231, "f1_score_class_8": 0.96, "precision_class_9": 1.0, "recall_class_9": 1.0, "f1_score_class_9": 1.0, "precision_class_10": 1.0, "recall_class_10": 0.9402985074626866, "f1_score_class_10": 0.9692307692307692, "precision_class_11": 1.0, "recall_class_11": 0.9701492537313433, "f1_score_class_11": 0.9848484848484849, "precision_class_12": 1.0, "recall_class_12": 1.0, "f1_score_class_12": 1.0, "precision_class_13": 1.0, "recall_class_13": 1.0, "f1_score_class_13": 1.0, "precision_class_14": 0.8055555555555556, "recall_class_14": 1.0, "f1_score_class_14": 0.8923076923076924, "precision_class_15": 0.9130434782608695, "recall_class_15": 1.0, "f1_score_class_15": 0.9545454545454546, "precision_class_16": 1.0, "recall_class_16": 1.0, "f1_score_class_16": 1.0, "precision_class_17": 0.8909090909090909, "recall_class_17": 0.7903225806451613, "f1_score_class_17": 0.8376068376068376, "precision_class_18": 0.90625, "recall_class_18": 1.0, "f1_score_class_18": 0.9508196721311475, "precision_class_19": 0.972972972972973, "recall_class_19": 1.0, "f1_score_class_19": 0.9863013698630136, "precision_class_20": 1.0, "recall_class_20": 0.95, "f1_score_class_20": 0.9743589743589743, "precision_class_21": 0.9512195121951219, "recall_class_21": 1.0, "f1_score_class_21": 0.975, "precision_class_22": 1.0, "recall_class_22": 1.0, "f1_score_class_22": 1.0, "precision_class_23": 0.9130434782608695, "recall_class_23": 0.9545454545454546, "f1_score_class_23": 0.9333333333333333, "precision_class_24": 1.0, "recall_class_24": 1.0, "f1_score_class_24": 1.0, "precision_class_25": 0.84, "recall_class_25": 1.0, "f1_score_class_25": 0.9130434782608695, "precision_class_26": 1.0, "recall_class_26": 1.0, "f1_score_class_26": 1.0, "precision_class_27": 0.9787234042553191, "recall_class_27": 1.0, "f1_score_class_27": 0.989247311827957, "precision_class_28": 1.0, "recall_class_28": 1.0, "f1_score_class_28": 1.0, "precision_class_29": 0.9846153846153847, "recall_class_29": 0.9846153846153847, "f1_score_class_29": 0.9846153846153847, "precision_class_30": 0.7435897435897436, "recall_class_30": 0.90625, "f1_score_class_30": 0.8169014084507042, "precision_class_31": 0.92, "recall_class_31": 0.92, "f1_score_class_31": 0.92, "precision_class_32": 1.0, "recall_class_32": 1.0, "f1_score_class_32": 1.0, "precision_class_33": 1.0, "recall_class_33": 1.0, "f1_score_class_33": 1.0, "precision_class_34": 1.0, "recall_class_34": 1.0, "f1_score_class_34": 1.0, "precision_class_35": 0.9642857142857143, "recall_class_35": 0.9818181818181818, "f1_score_class_35": 0.972972972972973, "precision_class_36": 1.0, "recall_class_36": 0.9886363636363636, "f1_score_class_36": 0.9942857142857143, "precision_class_37": 0.972972972972973, "recall_class_37": 1.0, "f1_score_class_37": 0.9863013698630136, "precision_class_38": 0.8571428571428571, "recall_class_38": 0.8571428571428571, "f1_score_class_38": 0.8571428571428571, "precision_class_39": 1.0, "recall_class_39": 0.9574468085106383, "f1_score_class_39": 0.9782608695652174, "precision_class_40": 0.9807692307692307, "recall_class_40": 0.9532710280373832, "f1_score_class_40": 0.966824644549763, "precision_class_41": 0.78, "recall_class_41": 1.0, "f1_score_class_41": 0.8764044943820225, "precision_class_42": 0.9565217391304348, "recall_class_42": 0.6, "f1_score_class_42": 0.7374301675977654, "precision_class_43": 0.972972972972973, "recall_class_43": 0.9863013698630136, "f1_score_class_43": 0.9795918367346939, "precision_class_44": 0.7083333333333334, "recall_class_44": 0.85, "f1_score_class_44": 0.7727272727272727, "precision_class_45": 0.9772727272727273, "recall_class_45": 0.9772727272727273, "f1_score_class_45": 0.9772727272727273, "precision_class_46": 0.94, "recall_class_46": 1.0, "f1_score_class_46": 0.9690721649484536, "precision_class_47": 0.9803921568627451, "recall_class_47": 0.9803921568627451, "f1_score_class_47": 0.9803921568627451, "precision_class_48": 0.9354838709677419, "recall_class_48": 1.0, "f1_score_class_48": 0.9666666666666667, "precision_class_49": 0.9863013698630136, "recall_class_49": 1.0, "f1_score_class_49": 0.993103448275862, "precision_class_50": 0.9909502262443439, "recall_class_50": 0.9201680672268907, "f1_score_class_50": 0.954248366013072, "precision_class_51": 0.9701492537313433, "recall_class_51": 1.0, "f1_score_class_51": 0.9848484848484849, "precision_class_52": 1.0, "recall_class_52": 0.9726027397260274, "f1_score_class_52": 0.9861111111111112, "precision_class_53": 1.0, "recall_class_53": 1.0, "f1_score_class_53": 1.0, "precision_class_54": 0.9259259259259259, "recall_class_54": 0.9803921568627451, "f1_score_class_54": 0.9523809523809523, "precision_class_55": 0.956989247311828, "recall_class_55": 1.0, "f1_score_class_55": 0.978021978021978, "precision_class_56": 0.9591836734693877, "recall_class_56": 1.0, "f1_score_class_56": 0.9791666666666666, "precision_class_57": 0.9108910891089109, "recall_class_57": 0.9787234042553191, "f1_score_class_57": 0.9435897435897436, "precision_class_58": 1.0, "recall_class_58": 1.0, "f1_score_class_58": 1.0, "precision_class_59": 0.9888888888888889, "recall_class_59": 1.0, "f1_score_class_59": 0.994413407821229, "precision_class_60": 1.0, "recall_class_60": 1.0, "f1_score_class_60": 1.0, "precision_class_61": 0.9722222222222222, "recall_class_61": 1.0, "f1_score_class_61": 0.9859154929577465, "precision_class_62": 0.9714285714285714, "recall_class_62": 1.0, "f1_score_class_62": 0.9855072463768116, "precision_class_63": 0.9142857142857143, "recall_class_63": 1.0, "f1_score_class_63": 0.9552238805970149, "precision_class_64": 0.9647058823529412, "recall_class_64": 1.0, "f1_score_class_64": 0.9820359281437125, "precision_class_65": 0.9534883720930233, "recall_class_65": 1.0, "f1_score_class_65": 0.9761904761904762, "precision_class_66": 1.0, "recall_class_66": 0.9545454545454546, "f1_score_class_66": 0.9767441860465116, "precision_class_67": 0.9142857142857143, "recall_class_67": 0.9411764705882353, "f1_score_class_67": 0.927536231884058, "precision_class_68": 1.0, "recall_class_68": 0.9705882352941176, "f1_score_class_68": 0.9850746268656716, "precision_class_69": 1.0, "recall_class_69": 1.0, "f1_score_class_69": 1.0, "precision_class_70": 1.0, "recall_class_70": 0.9655172413793104, "f1_score_class_70": 0.9824561403508771, "precision_class_71": 1.0, "recall_class_71": 0.9605263157894737, "f1_score_class_71": 0.9798657718120806, "precision_class_72": 0.9197860962566845, "recall_class_72": 0.9885057471264368, "f1_score_class_72": 0.9529085872576177, "precision_class_73": 0.9671052631578947, "recall_class_73": 0.9735099337748344, "f1_score_class_73": 0.9702970297029703, "precision_class_74": 0.9801980198019802, "recall_class_74": 0.99, "f1_score_class_74": 0.9850746268656716, "precision_class_75": 0.9882352941176471, "recall_class_75": 0.9655172413793104, "f1_score_class_75": 0.9767441860465116, "precision_class_76": 1.0, "recall_class_76": 0.987012987012987, "f1_score_class_76": 0.9934640522875817,